文本(归一),类型,集合
2005-05-20,发表时间,增补前缺失
2006-12-30,发表时间,增补前缺失
2007-03-15,发表时间,增补前缺失
2007-10-15,发表时间,增补前缺失
2008-04-15,发表时间,增补前缺失
2008-11-15,发表时间,增补前缺失
2010-07-01,发表时间,增补前缺失
2010-12-25,发表时间,增补前缺失
2011-02-25,发表时间,增补前缺失
2011-04-25,发表时间,增补前缺失
2011-05-20,发表时间,增补前缺失
2011-07-20 15:12,发表时间,增补前缺失
2011-09-15,发表时间,增补前缺失
2011-10-20 11:26,发表时间,增补前缺失
2011-12-14 16:50,发表时间,增补前缺失
2011-12-15,发表时间,增补前缺失
2012-04-15,发表时间,增补前缺失
2012-04-18,发表时间,增补前缺失
2012-12-15,发表时间,增补前缺失
2013-05-20,发表时间,增补前缺失
2013-07-25,发表时间,增补前缺失
2013-11-10,发表时间,增补前缺失
2013-12-15,发表时间,增补前缺失
2014-06-25,发表时间,增补前缺失
2015-04-15,发表时间,增补前缺失
2016-12-15,发表时间,增补前缺失
2017-04-15,发表时间,增补前缺失
2017-06-15,发表时间,增补前缺失
2017-07-26 10:50,发表时间,增补前缺失
2017-10-13 14:05,发表时间,增补前缺失
2018-08-15,发表时间,增补前缺失
2018-10-20,发表时间,增补前缺失
2019-02-20,发表时间,增补前缺失
2019-07-08,发表时间,增补前缺失
2019-08-15,发表时间,增补前缺失
2020-02-15,发表时间,增补前缺失
2020-11-15,发表时间,增补前缺失
2021-02-25,发表时间,增补前缺失
2021-07-15,发表时间,增补前缺失
2022-02-01,发表时间,增补前缺失
2022-04-04 07:00,发表时间,增补前缺失
2022-06-24 11:12,发表时间,增补前缺失
2022-11-23 13:16,发表时间,增补前缺失
2023-07-31 15:41,发表时间,增补前缺失
2023-12-15,发表时间,增补前缺失
2024-04-15,发表时间,增补前缺失
2024-12-11 16:37,发表时间,增补前缺失
2025-04-21 13:31,发表时间,增补前缺失
2025-04-29 14:01,发表时间,增补前缺失
gjb289a总线网络电气特性仿真及故障分析,论文,增补前缺失
phm技术在航空结构疲劳寿命预测中的应用,论文,增补前缺失
上海交通大学机械与动力工程学院,发表单位,增补前缺失
中国一航西安飞行自动控制研究所,发表单位,增补前缺失
中国人民解放军92975部队,发表单位,增补前缺失
中国商用航空发动机有限责任公司,发表单位,增补前缺失
中国民用航空学院,发表单位,增补前缺失
中国民航大学国家空管运行安全技术重点实验室,发表单位,增补前缺失
中国民航大学航空工程学院,发表单位,增补前缺失
中国航发沈阳发动机研究所,发表单位,增补前缺失
中国航发贵阳发动机设计研究所,发表单位,增补前缺失
中国航空发动机研究院,发表单位,增补前缺失
中国航空工业集团公司北京长城航空测控技术研究所,发表单位,增补前缺失
中国航空无线电电子研究所,发表单位,增补前缺失
中国航空综合技术研究所,发表单位,增补前缺失
中国西南电子技术研究所,发表单位,增补前缺失
中国飞机强度研究所,发表单位,增补前缺失
中国飞行试验研究院,发表单位,增补前缺失
中航工业上海航空测控技术研究所,发表单位,增补前缺失
中航工业上海航空测控技术研究所故障诊断与健康管理技术航空科技重点实验室,发表单位,增补前缺失
中航工业自动控制研究所,发表单位,增补前缺失
中航工业自控所飞行控制一体化重点实验室,发表单位,增补前缺失
中航工业西安航空计算技术研究所,发表单位,增补前缺失
丰台职业教育中心学校,发表单位,增补前缺失
于劲松,作者,增补前缺失
于明月,作者,增补前缺失
何启志,作者,增补前缺失
何荣荣,作者,增补前缺失
余映红,作者,增补前缺失
先进航空发动机协同创新中心,发表单位,增补前缺失
内蒙古工业大学理学院,发表单位,增补前缺失
内蒙古工业大学航空学院,发表单位,增补前缺失
冯悦,作者,增补前缺失
冯蕴雯,作者,增补前缺失
刘大同,作者,增补前缺失
刘安,作者,增补前缺失
刘恩朋,作者,增补前缺失
刘浩,作者,增补前缺失
刘瑞,作者,增补前缺失
刘超,作者,增补前缺失
北京 100083,发表单位,增补前缺失
北京强度环境研究所,发表单位,增补前缺失
北京机械设备研究所,发表单位,增补前缺失
北京航空工程技术研究中心,发表单位,增补前缺失
北京航空航天大学,发表单位,增补前缺失
北京航空航天大学 北京 100083,发表单位,增补前缺失
北京航空航天大学可靠性与系统工程学院,发表单位,增补前缺失
北京航空航天大学电子信息工程学院,发表单位,增补前缺失
北京航空航天大学自动化科学与电气工程学院,发表单位,增补前缺失
北京航空航天大学计算机学院,发表单位,增补前缺失
单添敏,作者,增补前缺失
南京军区福州总医院护理部,发表单位,增补前缺失
南京航空航天大学民航学院,发表单位,增补前缺失
南京航空航天大学江苏省航空动力系统重点实验室,发表单位,增补前缺失
南京航空航天大学能源与动力学院,发表单位,增补前缺失
占正勇,作者,增补前缺失
卿新林,作者,增补前缺失
厦门大学航空航天学院,发表单位,增补前缺失
史静平,作者,增补前缺失
后人工智能背景下装备测试研讨会在成都召开,论文,增补前缺失
吕川,作者,增补前缺失
吴蔚,作者,增补前缺失
吴际,作者,增补前缺失
周栋,作者,增补前缺失
周相志,作者,增补前缺失
周迪,作者,增补前缺失
和伟辉,作者,增补前缺失
和麟,作者,增补前缺失
哈尔滨工业大学电子与信息工程学院,发表单位,增补前缺失
四川大学电气工程学院,发表单位,增补前缺失
国防科技大学信息通信学院,发表单位,增补前缺失
基于afdx网络的综合模块化航电故障注入技术,论文,增补前缺失
基于arima模型的民用航空发动机低压转子振动故障分析,论文,增补前缺失
基于caps-bigru-attention的直升机涡轮发动机健康管理方法,论文,增补前缺失
基于copula相似性的航空发动机rul预测,论文,增补前缺失
基于emd和rvm-ar的航空发动机磨损故障预测模型,论文,增补前缺失
基于ensemblebrb-shap的航空发动机健康状态可解释预测方法,论文,增补前缺失
基于kpca和dbn的航空发动机排气温度基线模型,论文,增补前缺失
基于lssvm与wnn的燃气轮机状态趋势预测,论文,增补前缺失
基于lstm循环神经网络的故障时间序列预测,论文,增补前缺失
基于phm的军机备件配置机制,论文,增补前缺失
基于phm的航空装备可用度影响因素分析方法,论文,增补前缺失
基于qar数据的飞行控制系统故障研究综述,论文,增补前缺失
基于svm方法的apu故障预测方法,论文,增补前缺失
姜春生,作者,增补前缺失
姜龙光,作者,增补前缺失
孔祥兴,作者,增补前缺失
孙姜燕,作者,增补前缺失
孙秀慧,作者,增补前缺失
宋东,作者,增补前缺失
宋博,作者,增补前缺失
宋笔锋,作者,增补前缺失
宣建林,作者,增补前缺失
尉询楷,作者,增补前缺失
崔哲,作者,增补前缺失
崔建国,作者,增补前缺失
康锐,作者,增补前缺失
廖灿星,作者,增补前缺失
张亮,作者,增补前缺失
张凤鸣,作者,增补前缺失
张宝珍,作者,增补前缺失
张平,作者,增补前缺失
张建业,作者,增补前缺失
张弋,作者,增补前缺失
张弟,作者,增补前缺失
张振良,作者,增补前缺失
张新国,作者,增补前缺失
张椿林,作者,增补前缺失
张玉杰,作者,增补前缺失
张瑞,作者,增补前缺失
张茂,作者,增补前缺失
张莉,作者,增补前缺失
彭宇,作者,增补前缺失
徐坤,作者,增补前缺失
徐建新,作者,增补前缺失
徐艳玲,作者,增补前缺失
成娟,作者,增补前缺失
戴洪德,作者,增补前缺失
文培乾,作者,增补前缺失
时统宇,作者,增补前缺失
明新国,作者,增补前缺失
景博,作者,增补前缺失
曾照洋,作者,增补前缺失
朱喜华,作者,增补前缺失
朱容芳,作者,增补前缺失
朱睿,作者,增补前缺失
朱纪洪,作者,增补前缺失
朱超,作者,增补前缺失
机载航电系统射频信道健康表征及影响评估,论文,增补前缺失
机载预测与健康管理(phm)系统的体系结构,论文,增补前缺失
李俊涛,作者,增补前缺失
李兴旺,作者,增补前缺失
李娟,作者,增补前缺失
李宁,作者,增补前缺失
李峭,作者,增补前缺失
李慧华,作者,增补前缺失
李斌,作者,增补前缺失
李永宾,作者,增补前缺失
李芳亮,作者,增补前缺失
李静,作者,增补前缺失
李飞敏,作者,增补前缺失
杜艳丽,作者,增补前缺失
杨天策,作者,增补前缺失
杨振兴,作者,增补前缺失
杨海燕,作者,增补前缺失
杨立,作者,增补前缺失
桂咏涛,作者,增补前缺失
梁丽嫒,作者,增补前缺失
梁宁宁,作者,增补前缺失
殷锴,作者,增补前缺失
毕俊喜,作者,增补前缺失
毛德耀,作者,增补前缺失
江志东,作者,增补前缺失
汪慧云,作者,增补前缺失
沈阳航空航天大学自动化学院,发表单位,增补前缺失
沈颂华,作者,增补前缺失
泽山,作者,增补前缺失
海军航空大学航空基础学院,发表单位,增补前缺失
海军航空大学青岛校区航空电子工程与指挥系,发表单位,增补前缺失
海军航空工程学院兵器科学与技术系,发表单位,增补前缺失
海军装备部舰船办,发表单位,增补前缺失
海装广州局驻贵阳地区军事代表室,发表单位,增补前缺失
淳道勇,作者,增补前缺失
清华大学航空发动机研究院,发表单位,增补前缺失
清华大学计算机科学与技术系智能系统与技术国家重点实验室,发表单位,增补前缺失
游雅倩,作者,增补前缺失
潘鹏飞,作者,增补前缺失
熊华钢,作者,增补前缺失
牛伟,作者,增补前缺失
牛文生,作者,增补前缺失
牛星岩,作者,增补前缺失
王国庆,作者,增补前缺失
王奕首,作者,增补前缺失
王岩韬,作者,增补前缺失
王彬文,作者,增补前缺失
王晓双,作者,增补前缺失
王灿灿,作者,增补前缺失
王燕山,作者,增补前缺失
王琳,作者,增补前缺失
王莉,作者,增补前缺失
王辉,作者,增补前缺失
王鑫,作者,增补前缺失
田媛,作者,增补前缺失
白生宝,作者,增补前缺失
祝青钰,作者,增补前缺失
空军工程大学工程学院,发表单位,增补前缺失
空军工程大学工程学院 陕西西安710038,发表单位,增补前缺失
空军工程大学科研部,发表单位,增补前缺失
空军杭州航空医学鉴定训练中心医训处,发表单位,增补前缺失
空军杭州航空医学鉴定训练中心质量管理办公室,发表单位,增补前缺失
空军驻江苏地区军事代表室,发表单位,增补前缺失
章卫国,作者,增补前缺失
童志伟,作者,增补前缺失
翁庐英,作者,增补前缺失
翟正军,作者,增补前缺失
肖明清,作者,增补前缺失
肖皓天,作者,增补前缺失
肖迎春,作者,增补前缺失
胡雷刚,作者,增补前缺失
航天飞机考虑意外损伤时防热系统的健康管理研究,论文,增补前缺失
航空发动机phm中的数据挖掘机遇与挑战,论文,增补前缺失
航空发动机健康参数的卡尔曼滤波估计方法分析,论文,增补前缺失
航空发动机健康管理系统功能架构分析与研究,论文,增补前缺失
航空发动机增强型机载自适应模型气路故障诊断方法,论文,增补前缺失
航空发动机机载健康管理系统设计方法,论文,增补前缺失
航空发动机的多参数快速故障诊断模型,论文,增补前缺失
航空机电作动器健康管理验证系统研究,论文,增补前缺失
航空状态监测传感器技术的发展,论文,增补前缺失
航空电子系统故障预测与健康管理技术现状与发展,论文,增补前缺失
航空电子设备故障预测框架与方法,论文,增补前缺失
航空电子设备故障预测特征参数提取方法研究,论文,增补前缺失
航空装备故障风险分析与趋势预测方法,论文,增补前缺失
苏耀峰,作者,增补前缺失
范庚,作者,增补前缺失
莫固良,作者,增补前缺失
蒋丽英,作者,增补前缺失
蔡坤烨,作者,增补前缺失
蔡景,作者,增补前缺失
袁海文,作者,增补前缺失
西北工业大学自动化学院,发表单位,增补前缺失
西北工业大学航空学院,发表单位,增补前缺失
西北工业大学航空学院 西安710072,发表单位,增补前缺失
西北工业大学计算机学院,发表单位,增补前缺失
西安710072,发表单位,增补前缺失
西安卫星测控中心,发表单位,增补前缺失
西安外事学院现代技术教育中心,发表单位,增补前缺失
西安应用光学研究所,发表单位,增补前缺失
西安飞豹科技发展公司仿真部,发表单位,增补前缺失
解放军95478部队,发表单位,增补前缺失
解放军95927部队14分队,发表单位,增补前缺失
詹轲倚,作者,增补前缺失
许先鑫,作者,增补前缺失
许喆平,作者,增补前缺失
许春生,作者,增补前缺失
许艳芝,作者,增补前缺失
贵州省转子结构完整性重点实验室,发表单位,增补前缺失
赖思齐,作者,增补前缺失
赵奇,作者,增补前缺失
赵璧,作者,增补前缺失
邓小乐,作者,增补前缺失
邹莹芝,作者,增补前缺失
郎荣玲,作者,增补前缺失
郑敬杭,作者,增补前缺失
郑茂宽,作者,增补前缺失
郭阳明,作者,增补前缺失
鄂尔多斯应用技术学院大飞机学院,发表单位,增补前缺失
鄢睿丞,作者,增补前缺失
闫辉,作者,增补前缺失
陈华坤,作者,增补前缺失
陈文豪,作者,增补前缺失
陈桂鹏,作者,增补前缺失
陈良峰,作者,增补前缺失
陕西师范大学计算机科学学院,发表单位,增补前缺失
陕西西安710038,发表单位,增补前缺失
雷洪利,作者,增补前缺失
霍立平,作者,增补前缺失
韩建定,作者,增补前缺失
颜佳佳,作者,增补前缺失
飞机供电系统的改进型phm方案,论文,增补前缺失
飞机健康监测与预测系统的发展及展望,论文,增补前缺失
飞机健康管理平台的客户需求分析与plm服务资源匹配,论文,增补前缺失
飞机发动机故障的多参数预测模型,论文,增补前缺失
飞机开关磁阻发电系统故障推理模型研究,论文,增补前缺失
飞机性能参数预测的不确定性处理,论文,增补前缺失
飞机操纵面故障的多参数预测模型,论文,增补前缺失
飞机机电系统部件数据驱动健康状态在线估计方法综述,论文,增补前缺失
飞机燃油供油系统性能退化与故障预测,论文,增补前缺失
飞机电源多agent预测与健康管理系统研究,论文,增补前缺失
飞机电源系统故障诊断方法综述及发展趋势,论文,增补前缺失
飞机电源系统智能bit的发展及解决方案,论文,增补前缺失
飞机空调冷却子系统故障预测,论文,增补前缺失
飞机结构健康监测与管理技术研究进展和展望,论文,增补前缺失
飞机维修系统的演变,论文,增补前缺失
飞机起落架液压收放系统多故障仿真与健康评估,论文,增补前缺失
飞机远程实时监控的一种方案,论文,增补前缺失
飞行人员亚健康状态的调查及其健康管理策略,论文,增补前缺失
飞行试验数据驱动的涡扇发动机模型辨识,论文,增补前缺失
马存宝,作者,增补前缺失
马明明,作者,增补前缺失
马登武,作者,增补前缺失
马超,作者,增补前缺失
马麟,作者,增补前缺失
驻上海航空电子公司军事代表室,发表单位,增补前缺失
高泽海,作者,增补前缺失
高艺,作者,增补前缺失
鲁东大学数学与统计科学学院统计系,发表单位,增补前缺失
鲁峰,作者,增补前缺失
黄以锋,作者,增补前缺失
黄博,作者,增补前缺失
黄维娜,作者,增补前缺失
黄金泉,作者,增补前缺失
黄鹤,作者,增补前缺失
