论文stem,原始字符数,去空白字符数,实体数量,关系数量,实体千字密度(按去空白),关系千字密度(按去空白),关系/实体比
GJB289A总线网络电气特性仿真及故障分析_郑敬杭_MinerU__20250913054015,18173,13110,44,25,3.3562,1.9069,0.5682
PHM技术在航空结构疲劳寿命预测中的应用_MinerU__20250913054023,15055,10731,31,25,2.8888,2.3297,0.8065
后人工智能背景下装备测试研讨会在成都召开_MinerU__20250913053147,1334,964,50,44,51.8672,45.6432,0.8800
基于AFDX网络的综合模块化航电故障注入技术_肖皓天_MinerU__20250913052920,13356,9654,44,33,4.5577,3.4183,0.7500
基于ARIMA模型的民用航空发动机低压转子振动故障分析_MinerU__20250913052923,16049,10982,54,35,4.9171,3.1870,0.6481
基于Caps-BiGRU-Attention的直升机涡轮发动机健康管理方法_MinerU__20250913052931,30275,21464,51,31,2.3761,1.4443,0.6078
基于Copula相似性的航空发动机RUL预测_许先鑫_MinerU__20250913052935,25342,15953,42,27,2.6327,1.6925,0.6429
基于EMD和RVM-AR的航空发动机磨损故障预测模型_MinerU__20250913052941,14997,11295,36,30,3.1873,2.6560,0.8333
基于EnsembleBRB-SHAP的航空发动机健康状态可解释预测方法_游雅倩_MinerU__20250913052944,30722,18514,59,45,3.1868,2.4306,0.7627
基于KPCA和DBN的航空发动机排气温度基线模型_王奕首_MinerU__20250913052950,16863,13135,31,23,2.3601,1.7510,0.7419
基于LSSVM与WNN的燃气轮机状态趋势预测_MinerU__20250913052956,11561,9559,35,27,3.6615,2.8246,0.7714
基于LSTM循环神经网络的故障时间序列预测_MinerU__20250913053007,35271,16090,43,27,2.6725,1.6781,0.6279
基于PHM的军机备件配置机制_毛德耀_MinerU__20250913052446,24838,20937,39,20,1.8627,0.9552,0.5128
基于PHM的航空装备可用度影响因素分析方法_刘瑞_MinerU__20250913052443,16282,13642,47,34,3.4452,2.4923,0.7234
基于QAR数据的飞行控制系统故障研究综述_MinerU__20250913052449,21460,17794,74,39,4.1587,2.1918,0.5270
基于SVM方法的APU故障预测方法_MinerU__20250913052546,17800,12737,45,37,3.5330,2.9049,0.8222
机载航电系统射频信道健康表征及影响评估_黄鹤_MinerU__20250913052708,14789,11984,61,37,5.0901,3.0874,0.6066
机载预测与健康管理(PHM)系统的体系结构_张亮_MinerU__20250913052915,7012,5963,62,53,10.3975,8.8881,0.8548
航天飞机考虑意外损伤时防热系统的健康管理研究_宣建林_MinerU__20250913053141,11475,9194,41,28,4.4594,3.0455,0.6829
航空发动机PHM中的数据挖掘机遇与挑战_MinerU__20250913053529,13212,11663,94,74,8.0597,6.3449,0.7872
航空发动机健康参数的卡尔曼滤波估计方法分析_杨振兴_MinerU__20250913053017,9471,7487,49,31,6.5447,4.1405,0.6327
航空发动机健康管理系统功能架构分析与研究_詹轲倚_MinerU__20250913053021,26695,20655,69,38,3.3406,1.8397,0.5507
航空发动机增强型机载自适应模型气路故障诊断方法_王灿灿_MinerU__20250913053113,18464,13700,42,30,3.0657,2.1898,0.7143
航空发动机机载健康管理系统设计方法_杨天策_MinerU__20250913053537,17455,14229,46,36,3.2328,2.5300,0.7826
航空发动机的多参数快速故障诊断模型_MinerU__20250913053531,19166,12560,36,21,2.8662,1.6720,0.5833
航空机电作动器健康管理验证系统研究_MinerU__20250913053120,10693,8406,80,56,9.5170,6.6619,0.7000
航空状态监测传感器技术的发展_姜龙光_MinerU__20250913053137,10479,9448,89,45,9.4200,4.7629,0.5056
航空电子系统故障预测与健康管理技术现状与发展_MinerU__20250913053521,13180,11415,78,65,6.8331,5.6943,0.8333
航空电子设备故障预测框架与方法_MinerU__20250913053514,18838,11643,53,30,4.5521,2.5767,0.5660
航空电子设备故障预测特征参数提取方法研究_MinerU__20250913053516,22854,17022,63,38,3.7011,2.2324,0.6032
航空装备故障风险分析与趋势预测方法_MinerU__20250913053133,15316,10923,52,29,4.7606,2.6549,0.5577
飞机供电系统的改进型PHM方案_李宁_MinerU__20250913053650,8157,6623,36,21,5.4356,3.1708,0.5833
飞机健康监测与预测系统的发展及展望_MinerU__20250913053926,15607,12540,102,70,8.1340,5.5821,0.6863
飞机健康管理平台的客户需求分析与PLM服务资源匹配_和伟辉_MinerU__20250913053923,15298,9533,34,26,3.5666,2.7274,0.7647
飞机发动机故障的多参数预测模型_MinerU__20250913053628,12881,9769,30,27,3.0709,2.7638,0.9000
飞机开关磁阻发电系统故障推理模型研究_MinerU__20250913053934,11656,4390,39,24,8.8838,5.4670,0.6154
飞机性能参数预测的不确定性处理_MinerU__20250913053204,21423,16655,35,21,2.1015,1.2609,0.6000
飞机操纵面故障的多参数预测模型_MinerU__20250913053608,6814,6094,31,21,5.0870,3.4460,0.6774
飞机机电系统部件数据驱动健康状态在线估计方法综述_MinerU__20250913053919,36848,30467,104,85,3.4135,2.7899,0.8173
飞机燃油供油系统性能退化与故障预测_高泽海_MinerU__20250913053946,13585,10205,43,33,4.2136,3.2337,0.7674
飞机电源多Agent预测与健康管理系统研究_张莉_MinerU__20250913053617,13044,11328,67,56,5.9145,4.9435,0.8358
飞机电源系统故障诊断方法综述及发展趋势_MinerU__20250913053620,43982,36814,109,101,2.9608,2.7435,0.9266
飞机电源系统智能BIT的发展及解决方案_MinerU__20250913053624,6683,5898,55,45,9.3252,7.6297,0.8182
飞机空调冷却子系统故障预测_MinerU__20250913053938,24658,15722,37,24,2.3534,1.5265,0.6486
飞机结构健康监测与管理技术研究进展和展望_王彬文_MinerU__20250913053930,40104,33139,83,52,2.5046,1.5691,0.6265
飞机维修系统的演变_MinerU__20250913053201,5927,5305,56,36,10.5561,6.7861,0.6429
飞机起落架液压收放系统多故障仿真与健康评估_和麟_MinerU__20250913053943,12421,9688,49,30,5.0578,3.0966,0.6122
飞机远程实时监控的一种方案_朱睿_MinerU__20250913053258,5569,3586,46,40,12.8277,11.1545,0.8696
飞行人员亚健康状态的调查及其健康管理策略_翁庐英_MinerU__20250913053301,8733,5661,37,24,6.5359,4.2395,0.6486
飞行试验数据驱动的涡扇发动机模型辨识_潘鹏飞_MinerU__20250913053303,14698,11969,52,24,4.3446,2.0052,0.4615
